Desired Field,QueryType,AvgWtField,BoundingField,USE_YN,,model_year,master_index_source,aggregating_fields_input,,descriptions,database_definition_files,,aggregating_fields_input_list,,SetBodyIDtoLineageID,,notes
Carline Class,all,,,y,,2019,Master Index,Carline Manufacturer Code,,field_mapping filename,field_mapping_20220414.csv,,Calc ID,,1,,field_mapping_OEM.csv
Carline Class Description,all,,,y,,,,Model Type Index,,data_sources filename,data_sources_20220414.csv,,Fuel Usage,,,,data_sources_OEM.csv
Carline Code,all,,,n,,,,Electrification Category,,Main mapping category key filename,main_mapping_category_key_20220414.csv,,Fuel Usage Descriptio,,,,main_mapping_category_key_OEM.csv
Carline Manufacturer Code,all,,,y,,,,Boost Type Category,,,,,Powertrain Category,,,,
Carline Manufacturer Name,all,,,y,,,,,,,,,,,,,
Carline Name,all,,,y,,,,,,,,,,,,,
50 State Production Volume (Standard),sum,,,n,,,,,,,,,,,,,
50 State Production Volume (TLAAS),sum,,,n,,,,,,,,,,,,,
50 State Production Volume (Total),sum,,,n,,,,,,,,,,,,,
Air Aspiration,all,,,n,,,,,,,,,,,,,
Air Aspiration Description,all,,,n,,,,,,,,,,,,,
Air Injection,all,,,n,,,,,,,,,,,,,
Air Injection Description,all,,,n,,,,,,,,,,,,,
Approach Angle,max,,,n,,,,,,,,,,,,,
Approach Angle,min,,,n,,,,,,,,,,,,,
Approach Angle,avg,FOOTPRINT_SUBCONFIG_VOLUMES,,n,,,,,,,,,,,,,
A Coefficient,avg,FOOTPRINT_SUBCONFIG_VOLUMES,,y,,,,,,,,,,,,,
A Coefficient,min,,,y,,,,,,,,,,,,,
A Coefficient,max,,,y,,,,,,,,,,,,,
A Coefficient,min,,TOT_ROAD_LOAD_HP,n,,,,,,,,,,,,,
A Coefficient,max,,TOT_ROAD_LOAD_HP,n,,,,,,,,,,,,,
B Coefficient,avg,FOOTPRINT_SUBCONFIG_VOLUMES,,y,,,,,,,,,,,,,
B Coefficient,min,,,y,,,,,,,,,,,,,
B Coefficient,max,,,y,,,,,,,,,,,,,
B Coefficient,min,,TOT_ROAD_LOAD_HP,n,,,,,,,,,,,,,
B Coefficient,max,,TOT_ROAD_LOAD_HP,n,,,,,,,,,,,,,
C Coefficient,avg,FOOTPRINT_SUBCONFIG_VOLUMES,,y,,,,,,,,,,,,,
C Coefficient,min,,,y,,,,,,,,,,,,,
C Coefficient,max,,,y,,,,,,,,,,,,,
C Coefficient,min,,TOT_ROAD_LOAD_HP,n,,,,,,,,,,,,,
C Coefficient,max,,TOT_ROAD_LOAD_HP,n,,,,,,,,,,,,,
SET_COEF_A,avg,FOOTPRINT_SUBCONFIG_VOLUMES,,y,,,,,,,,,,,,,
SET_COEF_A,min,,,y,,,,,,,,,,,,,
SET_COEF_A,max,,,y,,,,,,,,,,,,,
SET_COEF_A,min,,TOT_ROAD_LOAD_HP,n,,,,,,,,,,,,,
SET_COEF_A,max,,TOT_ROAD_LOAD_HP,n,,,,,,,,,,,,,
SET_COEF_B,avg,FOOTPRINT_SUBCONFIG_VOLUMES,,y,,,,,,,,,,,,,
SET_COEF_B,min,,,y,,,,,,,,,,,,,
SET_COEF_B,max,,,y,,,,,,,,,,,,,
SET_COEF_B,min,,TOT_ROAD_LOAD_HP,n,,,,,,,,,,,,,
SET_COEF_B,max,,TOT_ROAD_LOAD_HP,n,,,,,,,,,,,,,
SET_COEF_C,avg,FOOTPRINT_SUBCONFIG_VOLUMES,,y,,,,,,,,,,,,,
SET_COEF_C,min,,,y,,,,,,,,,,,,,
SET_COEF_C,max,,,y,,,,,,,,,,,,,
SET_COEF_C,min,,TOT_ROAD_LOAD_HP,n,,,,,,,,,,,,,
SET_COEF_C,max,,TOT_ROAD_LOAD_HP,n,,,,,,,,,,,,,
TARGET_COEF_BEST_MTH,avg,FOOTPRINT_SUBCONFIG_VOLUMES,,y,,,,,,,,,,,,,
TARGET_COEF_BEST_MTH,min,,,y,,,,,,,,,,,,,
TARGET_COEF_BEST_MTH,max,,,y,,,,,,,,,,,,,
TARGET_COEF_A_BEST,avg,FOOTPRINT_SUBCONFIG_VOLUMES,,y,,,,,,,,,,,,,
TARGET_COEF_A_BEST,min,,,y,,,,,,,,,,,,,
TARGET_COEF_A_BEST,max,,,y,,,,,,,,,,,,,
TARGET_COEF_A_BEST,min,,TOT_ROAD_LOAD_HP,n,,,,,,,,,,,,,
TARGET_COEF_A_BEST,max,,TOT_ROAD_LOAD_HP,n,,,,,,,,,,,,,
TARGET_COEF_B_BEST,avg,FOOTPRINT_SUBCONFIG_VOLUMES,,y,,,,,,,,,,,,,
TARGET_COEF_B_BEST,min,,,y,,,,,,,,,,,,,
TARGET_COEF_B_BEST,max,,,y,,,,,,,,,,,,,
TARGET_COEF_B_BEST,min,,TOT_ROAD_LOAD_HP,n,,,,,,,,,,,,,
TARGET_COEF_B_BEST,max,,TOT_ROAD_LOAD_HP,n,,,,,,,,,,,,,
TARGET_COEF_C_BEST,avg,FOOTPRINT_SUBCONFIG_VOLUMES,,y,,,,,,,,,,,,,
TARGET_COEF_C_BEST,min,,,y,,,,,,,,,,,,,
TARGET_COEF_C_BEST,max,,,y,,,,,,,,,,,,,
TARGET_COEF_C_BEST,min,,TOT_ROAD_LOAD_HP,n,,,,,,,,,,,,,
TARGET_COEF_C_BEST,max,,TOT_ROAD_LOAD_HP,n,,,,,,,,,,,,,
SET_COEF_A_BEST,avg,FOOTPRINT_SUBCONFIG_VOLUMES,,y,,,,,,,,,,,,,
SET_COEF_A_BEST,min,,,y,,,,,,,,,,,,,
SET_COEF_A_BEST,max,,,y,,,,,,,,,,,,,
SET_COEF_A_BEST,min,,TOT_ROAD_LOAD_HP,n,,,,,,,,,,,,,
SET_COEF_A_BEST,max,,TOT_ROAD_LOAD_HP,n,,,,,,,,,,,,,
SET_COEF_B_BEST,avg,FOOTPRINT_SUBCONFIG_VOLUMES,,y,,,,,,,,,,,,,
SET_COEF_B_BEST,min,,,y,,,,,,,,,,,,,
SET_COEF_B_BEST,max,,,y,,,,,,,,,,,,,
SET_COEF_B_BEST,min,,TOT_ROAD_LOAD_HP,n,,,,,,,,,,,,,
SET_COEF_B_BEST,max,,TOT_ROAD_LOAD_HP,n,,,,,,,,,,,,,
SET_COEF_C_BEST,avg,FOOTPRINT_SUBCONFIG_VOLUMES,,y,,,,,,,,,,,,,
SET_COEF_C_BEST,min,,,y,,,,,,,,,,,,,
SET_COEF_C_BEST,max,,,y,,,,,,,,,,,,,
SET_COEF_C_BEST,min,,TOT_ROAD_LOAD_HP,n,,,,,,,,,,,,,
SET_COEF_C_BEST,max,,TOT_ROAD_LOAD_HP,n,,,,,,,,,,,,,
FTP Bag 1 FE,avg,FOOTPRINT_SUBCONFIG_VOLUMES,,y,,,,,,,,,,,,,
FTP Bag 1 FE,min,,,y,,,,,,,,,,,,,
FTP Bag 1 FE,max,,,y,,,,,,,,,,,,,
FTP Bag 1 FE,min,,TOT_ROAD_LOAD_HP,n,,,,,,,,,,,,,
FTP Bag 1 FE,max,,TOT_ROAD_LOAD_HP,n,,,,,,,,,,,,,
FTP Bag 2 FE,avg,FOOTPRINT_SUBCONFIG_VOLUMES,,y,,,,,,,,,,,,,
FTP Bag 2 FE,min,,,y,,,,,,,,,,,,,
FTP Bag 2 FE,max,,,y,,,,,,,,,,,,,
FTP Bag 2 FE,min,,TOT_ROAD_LOAD_HP,n,,,,,,,,,,,,,
FTP Bag 2 FE,max,,TOT_ROAD_LOAD_HP,n,,,,,,,,,,,,,
FTP Bag 3 FE,avg,FOOTPRINT_SUBCONFIG_VOLUMES,,y,,,,,,,,,,,,,
FTP Bag 3 FE,min,,,y,,,,,,,,,,,,,
FTP Bag 3 FE,max,,,y,,,,,,,,,,,,,
FTP Bag 3 FE,min,,TOT_ROAD_LOAD_HP,n,,,,,,,,,,,,,
FTP Bag 3 FE,max,,TOT_ROAD_LOAD_HP,n,,,,,,,,,,,,,
FTP Bag 4 FE,avg,FOOTPRINT_SUBCONFIG_VOLUMES,,n,,,,,,,,,,,,,
FTP Bag 4 FE,min,,,n,,,,,,,,,,,,,
FTP Bag 4 FE,max,,,n,,,,,,,,,,,,,
FTP Bag 4 FE,min,,TOT_ROAD_LOAD_HP,n,,,,,,,,,,,,,
FTP Bag 4 FE,max,,TOT_ROAD_LOAD_HP,n,,,,,,,,,,,,,
US06 FE,avg,FOOTPRINT_SUBCONFIG_VOLUMES,,y,,,,,,,,,,,,,
US06 FE,min,,,y,,,,,,,,,,,,,
US06 FE,max,,,y,,,,,,,,,,,,,
US06 FE,min,,TOT_ROAD_LOAD_HP,n,,,,,,,,,,,,,
US06 FE,max,,TOT_ROAD_LOAD_HP,n,,,,,,,,,,,,,
US06 Bag 1 FE,avg,FOOTPRINT_SUBCONFIG_VOLUMES,,y,,,,,,,,,,,,,
US06 Bag 1 FE,min,,,y,,,,,,,,,,,,,
US06 Bag 1 FE,max,,,y,,,,,,,,,,,,,
US06 Bag 1 FE,min,,TOT_ROAD_LOAD_HP,n,,,,,,,,,,,,,
US06 Bag 1 FE,max,,TOT_ROAD_LOAD_HP,n,,,,,,,,,,,,,
US06 Bag 2 FE,avg,FOOTPRINT_SUBCONFIG_VOLUMES,,y,,,,,,,,,,,,,
US06 Bag 2 FE,min,,,y,,,,,,,,,,,,,
US06 Bag 2 FE,max,,,y,,,,,,,,,,,,,
US06 Bag 2 FE,min,,TOT_ROAD_LOAD_HP,n,,,,,,,,,,,,,
US06 Bag 2 FE,max,,TOT_ROAD_LOAD_HP,n,,,,,,,,,,,,,
Bed Description,all,,,n,,,,,,,,,,,,,
Body Description,all,,,n,,,,,,,,,,,,,
BodyID,all,,,n,,,,,,,,,,,,,
BodyID End Year,all,,,n,,,,,,,,,,,,,
BodyID Start Year,all,,,n,,,,,,,,,,,,,
Boost Type Category,all,,,y,,,,,,,,,,,,,
Breakover Angle,max,,,n,,,,,,,,,,,,,
Breakover Angle,min,,,n,,,,,,,,,,,,,
Breakover Angle,avg,FOOTPRINT_SUBCONFIG_VOLUMES,,n,,,,,,,,,,,,,
CabinID,all,,,n,,,,,,,,,,,,,
CabinID End Year,all,,,n,,,,,,,,,,,,,
CabinID Start Year,all,,,n,,,,,,,,,,,,,
CAFE City Fuel Economy,all,,,n,,,,,,,,,,,,,
CAFE City GHG,all,,,n,,,,,,,,,,,,,
CAFE Combined Fuel Economy,avg,FOOTPRINT_SUBCONFIG_VOLUMES,,n,,,,,,,,,,,,,
CAFE Combined Fuel Economy,min,,,n,,,,,,,,,,,,,
CAFE Combined Fuel Economy,max,,,n,,,,,,,,,,,,,
CAFE Combined Fuel Economy,min,,TOT_ROAD_LOAD_HP,n,,,,,,,,,,,,,
CAFE Combined Fuel Economy,max,,TOT_ROAD_LOAD_HP,n,,,,,,,,,,,,,
CAFE Combined GHG,all,,,n,,,,,,,,,,,,,
CAFE Combined Rounded Fuel Economy,all,,,n,,,,,,,,,,,,,
CAFE Combined Rounded GHG,all,,,n,,,,,,,,,,,,,
CAFE Highway Fuel Economy,all,,,n,,,,,,,,,,,,,
CAFE Highway GHG,all,,,n,,,,,,,,,,,,,
CAFE ID,all,,,n,,,,,,,,,,,,,
CAFE Manufacturer Code,all,,,n,,,,,,,,,,,,,
CAFE Manufacturer Name,all,,,n,,,,,,,,,,,,,
CAFE Model Year,all,,,n,,,,,,,,,,,,,
Calc ID,all,,,n,,,,,,,,,,,,,
Calculated Roadload Horsepower,avg,FOOTPRINT_SUBCONFIG_VOLUMES,,y,,,,,,,,,,,,,
Calculated Roadload Horsepower,min,,,y,,,,,,,,,,,,,
Calculated Roadload Horsepower,max,,,y,,,,,,,,,,,,,
Camless Valvetrain (y/n),all,,,n,,,,,,,,,,,,,
Cargo Capacity,avg,FOOTPRINT_SUBCONFIG_VOLUMES,,y,,,,,,,,,,,,,
Cargo Capacity,min,,,y,,,,,,,,,,,,,
Cargo Capacity,max,,,y,,,,,,,,,,,,,
LineageID,avg,FOOTPRINT_SUBCONFIG_VOLUMES,,y,,,,,,,,,,,,,
LineageID,min,,,y,,,,,,,,,,,,,
LineageID,max,,,y,,,,,,,,,,,,,
BodyID,avg,FOOTPRINT_SUBCONFIG_VOLUMES,,y,,,,,,,,,,,,,
BodyID,min,,,y,,,,,,,,,,,,,
BodyID,max,,,y,,,,,,,,,,,,,
Charge Air Cooling,all,,,n,,,,,,,,,,,,,
Charge Air Cooling Description,all,,,n,,,,,,,,,,,,,
Combined Load Factor,avg,FOOTPRINT_SUBCONFIG_VOLUMES,,n,,,,,,,,,,,,,
Combined Load Factor,max,,TOT_ROAD_LOAD_HP,n,,,,,,,,,,,,,
Combined Load Factor,min,,TOT_ROAD_LOAD_HP,n,,,,,,,,,,,,,
City Powertrain Efficiency,max,,,y,,,,,,,,,,,,,
City Powertrain Efficiency,min,,,y,,,,,,,,,,,,,
City Powertrain Efficiency,avg,FOOTPRINT_SUBCONFIG_VOLUMES,,y,,,,,,,,,,,,,
City Powertrain Efficiency,max,,TOT_ROAD_LOAD_HP,n,,,,,,,,,,,,,
City Powertrain Efficiency,min,,TOT_ROAD_LOAD_HP,n,,,,,,,,,,,,,
City Tractive Energy Intensity,max,,,y,,,,,,,,,,,,,
City Tractive Energy Intensity,min,,,y,,,,,,,,,,,,,
City Tractive Energy Intensity,avg,FOOTPRINT_SUBCONFIG_VOLUMES,,y,,,,,,,,,,,,,
City Tractive Energy Intensity,max,,TOT_ROAD_LOAD_HP,n,,,,,,,,,,,,,
City Tractive Energy Intensity,min,,TOT_ROAD_LOAD_HP,n,,,,,,,,,,,,,
Hwy Powertrain Efficiency,max,,,y,,,,,,,,,,,,,
Hwy Powertrain Efficiency,min,,,y,,,,,,,,,,,,,
Hwy Powertrain Efficiency,avg,FOOTPRINT_SUBCONFIG_VOLUMES,,y,,,,,,,,,,,,,
Hwy Powertrain Efficiency,max,,TOT_ROAD_LOAD_HP,n,,,,,,,,,,,,,
Hwy Powertrain Efficiency,min,,TOT_ROAD_LOAD_HP,n,,,,,,,,,,,,,
Hwy Tractive Energy Intensity,max,,,y,,,,,,,,,,,,,
Hwy Tractive Energy Intensity,min,,,y,,,,,,,,,,,,,
Hwy Tractive Energy Intensity,avg,FOOTPRINT_SUBCONFIG_VOLUMES,,y,,,,,,,,,,,,,
Hwy Tractive Energy Intensity,max,,TOT_ROAD_LOAD_HP,n,,,,,,,,,,,,,
Hwy Tractive Energy Intensity,min,,TOT_ROAD_LOAD_HP,n,,,,,,,,,,,,,
Combined Powertrain Efficiency,max,,,y,,,,,,,,,,,,,
Combined Powertrain Efficiency,min,,,y,,,,,,,,,,,,,
Combined Powertrain Efficiency,avg,FOOTPRINT_SUBCONFIG_VOLUMES,,y,,,,,,,,,,,,,
Combined Powertrain Efficiency,max,,TOT_ROAD_LOAD_HP,n,,,,,,,,,,,,,
Combined Powertrain Efficiency,min,,TOT_ROAD_LOAD_HP,n,,,,,,,,,,,,,
Combined Tractive Energy Intensity,max,,,y,,,,,,,,,,,,,
Combined Tractive Energy Intensity,min,,,y,,,,,,,,,,,,,
Combined Tractive Energy Intensity,avg,FOOTPRINT_SUBCONFIG_VOLUMES,,y,,,,,,,,,,,,,
Combined Tractive Energy Intensity,max,,TOT_ROAD_LOAD_HP,n,,,,,,,,,,,,,
Combined Tractive Energy Intensity,min,,TOT_ROAD_LOAD_HP,n,,,,,,,,,,,,,
US06 Tractive Energy Intensity,max,,,y,,,,,,,,,,,,,
US06 Tractive Energy Intensity,min,,,y,,,,,,,,,,,,,
US06 Tractive Energy Intensity,avg,FOOTPRINT_SUBCONFIG_VOLUMES,,y,,,,,,,,,,,,,
US06 Tractive Energy Intensity,max,,TOT_ROAD_LOAD_HP,n,,,,,,,,,,,,,
US06 Tractive Energy Intensity,min,,TOT_ROAD_LOAD_HP,n,,,,,,,,,,,,,
Compliance Category Code,all,,,y,,,,,,,,,,,,,
Compliance Category Description,all,,,n,,,,,,,,,,,,,
Cooled EGR (y/n),all,,,n,,,,,,,,,,,,,
Curb Weight,avg,FOOTPRINT_SUBCONFIG_VOLUMES,,y,,,,,,,,,,,,,
Curb Weight,min,,,y,,,,,,,,,,,,,
Curb Weight,max,,,y,,,,,,,,,,,,,
Cylinder Deactivation (y/n),all,,,y,,,,,,,,,,,,,
Cylinder Deactivation Description,all,,,y,,,,,,,,,,,,,
Departure Angle,max,,,n,,,,,,,,,,,,,
Departure Angle,min,,,n,,,,,,,,,,,,,
Departure Angle,avg,FOOTPRINT_SUBCONFIG_VOLUMES,,n,,,,,,,,,,,,,
Domestic Import,all,,,n,,,,,,,,,,,,,
Drive Source,all,,,n,,,,,,,,,,,,,
Drive Source Description,all,,,n,,,,,,,,,,,,,
Drive System,all,,,y,,,,,,,,,,,,,
Drive System Code,all,,,y,,,,,,,,,,,,,
Drive System Description,all,,,n,,,,,,,,,,,,,
Drivetrain Layout Category,all,,,y,,,,,,,,,,,,,
EGR (y/n),all,,,y,,,,,,,,,,,,,
EGR Type,all,,,y,,,,,,,,,,,,,
EGR Type Description,all,,,n,,,,,,,,,,,,,
EPS,all,,,y,,,,,,,,,,,,,
Electrification Category,all,,,y,,,,,,,,,,,,,
Engine Block Arrangement,all,,,n,,,,,,,,,,,,,
Engine Block Arrangement Description,all,,,n,,,,,,,,,,,,,
Engine Displacement,all,,,n,,,,,,,,,,,,,
Engine Displacement Unit,all,,,n,,,,,,,,,,,,,
Engine Displacement Category,all,,,y,,,,,,,,,,,,,
Engine Type,all,,,n,,,,,,,,,,,,,
Engine Type Description,all,,,n,,,,,,,,,,,,,
Engine Type Description Details,all,,,n,,,,,,,,,,,,,
Axle Ratio,avg,FOOTPRINT_SUBCONFIG_VOLUMES,,y,,,,,,,,,,,,,
Axle Ratio,min,,,y,,,,,,,,,,,,,
Axle Ratio,max,,,y,,,,,,,,,,,,,
Axle Ratio,min,,TOT_ROAD_LOAD_HP,n,,,,,,,,,,,,,
Axle Ratio,max,,TOT_ROAD_LOAD_HP,n,,,,,,,,,,,,,
EPA Target Fuel Economy,max,,,n,,,,,,,,,,,,,
EPA Target Fuel Economy,min,,,n,,,,,,,,,,,,,
EPA Target Fuel Economy,avg,FOOTPRINT_SUBCONFIG_VOLUMES,,n,,,,,,,,,,,,,
EPA Target Fuel Economy,max,,TOT_ROAD_LOAD_HP,n,,,,,,,,,,,,,
EPA Target Fuel Economy,min,,TOT_ROAD_LOAD_HP,n,,,,,,,,,,,,,
EPA Target GHG Emissions,max,,,n,,,,,,,,,,,,,
EPA Target GHG Emissions,min,,,n,,,,,,,,,,,,,
EPA Target GHG Emissions,avg,FOOTPRINT_SUBCONFIG_VOLUMES,,n,,,,,,,,,,,,,
EPA Target GHG Emissions,max,,TOT_ROAD_LOAD_HP,n,,,,,,,,,,,,,
EPA Target GHG Emissions,min,,TOT_ROAD_LOAD_HP,n,,,,,,,,,,,,,
Equivalent Test Weight,avg,FOOTPRINT_SUBCONFIG_VOLUMES,,y,,,,,,,,,,,,,
Equivalent Test Weight,min,,,y,,,,,,,,,,,,,
Equivalent Test Weight,max,,,y,,,,,,,,,,,,,
Equivalent Test Weight,min,,TOT_ROAD_LOAD_HP,n,,,,,,,,,,,,,
Equivalent Test Weight,max,,TOT_ROAD_LOAD_HP,n,,,,,,,,,,,,,
Estimated CdA,avg,FOOTPRINT_SUBCONFIG_VOLUMES,,n,,,,,,,,,,,,,
Estimated CdA,max,,,n,,,,,,,,,,,,,
Estimated CdA,min,,,n,,,,,,,,,,,,,
Final City Fuel Economy,avg,FOOTPRINT_SUBCONFIG_VOLUMES,,y,,,,,,,,,,,,,
Final City Fuel Economy,min,,,y,,,,,,,,,,,,,
Final City Fuel Economy,max,,,y,,,,,,,,,,,,,
Final City Fuel Economy,all,,,y,,,,,,,,,,,,,
Final City GHG,avg,FOOTPRINT_SUBCONFIG_VOLUMES,,y,,,,,,,,,,,,,
Final City GHG,min,,,y,,,,,,,,,,,,,
Final City GHG,max,,,y,,,,,,,,,,,,,
Final City GHG,all,,,y,,,,,,,,,,,,,
Final Combined Fuel Economy,avg,FOOTPRINT_SUBCONFIG_VOLUMES,,y,,,,,,,,,,,,,
Final Combined Fuel Economy,min,,,y,,,,,,,,,,,,,
Final Combined Fuel Economy,max,,,y,,,,,,,,,,,,,
Final Combined Fuel Economy,all,,,y,,,,,,,,,,,,,
Final Combined GHG,avg,FOOTPRINT_SUBCONFIG_VOLUMES,,y,,,,,,,,,,,,,
Final Combined GHG,min,,,y,,,,,,,,,,,,,
Final Combined GHG,max,,,y,,,,,,,,,,,,,
Final Combined GHG,all,,,y,,,,,,,,,,,,,
Final Highway Fuel Economy,avg,FOOTPRINT_SUBCONFIG_VOLUMES,,y,,,,,,,,,,,,,
Final Highway Fuel Economy,min,,,y,,,,,,,,,,,,,
Final Highway Fuel Economy,max,,,y,,,,,,,,,,,,,
Final Highway Fuel Economy,all,,,y,,,,,,,,,,,,,
Final Highway GHG,avg,FOOTPRINT_SUBCONFIG_VOLUMES,,y,,,,,,,,,,,,,
Final Highway GHG,min,,,y,,,,,,,,,,,,,
Final Highway GHG,max,,,y,,,,,,,,,,,,,
Final Highway GHG,all,,,y,,,,,,,,,,,,,
Footprint,avg,FOOTPRINT_SUBCONFIG_VOLUMES,,y,,,,,,,,,,,,,
Footprint,min,,,y,,,,,,,,,,,,,
Footprint,max,,,y,,,,,,,,,,,,,
Footprint Carline Code,all,,,n,,,,,,,,,,,,,
Footprint Carline Name,all,,,n,,,,,,,,,,,,,
Footprint Description,all,,,n,,,,,,,,,,,,,
Footprint Division Code,all,,,n,,,,,,,,,,,,,
Footprint Division Name,all,,,n,,,,,,,,,,,,,
Footprint Index,all,,,n,,,,,,,,,,,,,
Footprint Manufacturer Code,all,,,n,,,,,,,,,,,,,
Footprint Manufacturer Name,all,,,n,,,,,,,,,,,,,
Footprint Subconfiguration Volumes,sum,,,n,,,,,,,,,,,,,
Front Tire Code,all,,,n,,,,,,,,,,,,,
Front Tire Radius,max,,,n,,,,,,,,,,,,,
Front Tire Radius,min,,,n,,,,,,,,,,,,,
Front Tire Radius,avg,FOOTPRINT_SUBCONFIG_VOLUMES,,n,,,,,,,,,,,,,
Front Track Width,max,,,n,,,,,,,,,,,,,
Front Track Width,min,,,n,,,,,,,,,,,,,
Front Track Width,avg,FOOTPRINT_SUBCONFIG_VOLUMES,,n,,,,,,,,,,,,,
Fuel Carbon Weight,avg,FOOTPRINT_SUBCONFIG_VOLUMES,,n,,,,,,,,,,,,,
Fuel Carbon Weight,min,,,n,,,,,,,,,,,,,
Fuel Carbon Weight,max,,,n,,,,,,,,,,,,,
Fuel Carbon Weight,min,,TOT_ROAD_LOAD_HP,n,,,,,,,,,,,,,
Fuel Carbon Weight,max,,TOT_ROAD_LOAD_HP,n,,,,,,,,,,,,,
Fuel Cell (y/n),all,,,n,,,,,,,,,,,,,
Fuel Economy Unit,all,,,n,,,,,,,,,,,,,
Fuel Gravity,avg,FOOTPRINT_SUBCONFIG_VOLUMES,,n,,,,,,,,,,,,,
Fuel Gravity,min,,,n,,,,,,,,,,,,,
Fuel Gravity,max,,,n,,,,,,,,,,,,,
Fuel Gravity,min,,TOT_ROAD_LOAD_HP,n,,,,,,,,,,,,,
Fuel Gravity,max,,TOT_ROAD_LOAD_HP,n,,,,,,,,,,,,,
Fuel Metering,all,,,y,,,,,,,,,,,,,
Fuel Metering Description,all,,,y,,,,,,,,,,,,,
Fuel Recommended,all,,,y,,,,,,,,,,,,,
Fuel Tank Capacity,avg,FOOTPRINT_SUBCONFIG_VOLUMES,,y,,,,,,,,,,,,,
Fuel Tank Capacity,min,,,y,,,,,,,,,,,,,
Fuel Tank Capacity,max,,,y,,,,,,,,,,,,,
Fuel Type Category,all,,,y,,,,,,,,,,,,,
Fuel Usage,all,,,y,,,,,,,,,,,,,
Fuel Usage Description,all,,,n,,,,,,,,,,,,,
Gross Vehicle Weight Rating,avg,FOOTPRINT_SUBCONFIG_VOLUMES,,y,,,,,,,,,,,,,
Gross Vehicle Weight Rating,min,,,y,,,,,,,,,,,,,
Gross Vehicle Weight Rating,max,,,y,,,,,,,,,,,,,
Ground Clearance,avg,FOOTPRINT_SUBCONFIG_VOLUMES,,y,,,,,,,,,,,,,
Ground Clearance,min,,,y,,,,,,,,,,,,,
Ground Clearance,max,,,y,,,,,,,,,,,,,
Height,avg,FOOTPRINT_SUBCONFIG_VOLUMES,,y,,,,,,,,,,,,,
Height,min,,,y,,,,,,,,,,,,,
Height,max,,,y,,,,,,,,,,,,,
Horsepower at RPM,all,,,y,,,,,,,,,,,,,
Hybrid (y/n),all,,,n,,,,,,,,,,,,,
Hybrid Type,all,,,n,,,,,,,,,,,,,
Hybrid Type Description,all,,,n,,,,,,,,,,,,,
Interior Volume,avg,FOOTPRINT_SUBCONFIG_VOLUMES,,y,,,,,,,,,,,,,
Interior Volume,max,,,y,,,,,,,,,,,,,
Interior Volume,min,,,y,,,,,,,,,,,,,
Length,avg,FOOTPRINT_SUBCONFIG_VOLUMES,,y,,,,,,,,,,,,,
Length,min,,,y,,,,,,,,,,,,,
Length,max,,,y,,,,,,,,,,,,,
LineageID,all,,,n,,,,,,,,,,,,,
Manufacturer Division Code,all,,,n,,,,,,,,,,,,,
Manufacturer Division Name,all,,,y,,,,,,,,,,,,,
Min Front/Rear Axle Clearance,all,,,n,,,,,,,,,,,,,
Min Running Clearance,all,,,n,,,,,,,,,,,,,
Model Type Comments,all,,,n,,,,,,,,,,,,,
Model Type Description,all,,,n,,,,,,,,,,,,,
Model Type Index,all,,,y,,,,,,,,,,,,,
MSRP,avg,FOOTPRINT_SUBCONFIG_VOLUMES,,y,,,,,,,,,,,,,
MSRP,min,,,y,,,,,,,,,,,,,
MSRP,max,,,y,,,,,,,,,,,,,
Net Heating Value,avg,FOOTPRINT_SUBCONFIG_VOLUMES,,n,,,,,,,,,,,,,
Net Heating Value,min,,,n,,,,,,,,,,,,,
Net Heating Value,max,,,n,,,,,,,,,,,,,
Net Heating Value,min,,TOT_ROAD_LOAD_HP,n,,,,,,,,,,,,,
Net Heating Value,max,,TOT_ROAD_LOAD_HP,n,,,,,,,,,,,,,
NHTSA Vehicle Class Description,all,,,n,,,,,,,,,,,,,
NHTSA Vehicle Class Number,all,,,n,,,,,,,,,,,,,
Non-Aero Road Load Force,max,,TOT_ROAD_LOAD_HP,n,,,,,,,,,,,,,
Non-Aero Road Load Force,min,,TOT_ROAD_LOAD_HP,n,,,,,,,,,,,,,
Number of Cylinders,all,,,n,,,,,,,,,,,,,
Number of Cylinders Category,avg,FOOTPRINT_SUBCONFIG_VOLUMES,,y,,,,,,,,,,,,,
Number of Cylinders Category,min,,,y,,,,,,,,,,,,,
Number of Cylinders Category,max,,,y,,,,,,,,,,,,,
Number of Exhaust Valves per Cylinder,all,,,n,,,,,,,,,,,,,
Number of Intake Valves per Cylinder,all,,,n,,,,,,,,,,,,,
Number of Transmission Gears,all,,,n,,,,,,,,,,,,,
Number of Transmission Gears Category,avg,FOOTPRINT_SUBCONFIG_VOLUMES,,y,,,,,,,,,,,,,
Number of Transmission Gears Category,min,,,y,,,,,,,,,,,,,
Number of Transmission Gears Category,max,,,y,,,,,,,,,,,,,
NV Ratio,avg,FOOTPRINT_SUBCONFIG_VOLUMES,,y,,,,,,,,,,,,,
NV Ratio,min,,,y,,,,,,,,,,,,,
NV Ratio,max,,,y,,,,,,,,,,,,,
NV Ratio,min,,TOT_ROAD_LOAD_HP,n,,,,,,,,,,,,,
NV Ratio,max,,TOT_ROAD_LOAD_HP,n,,,,,,,,,,,,,
Off-Board Charge Capability (y/n),all,,,n,,,,,,,,,,,,,
Oil Viscosity Classification,all,,,n,,,,,,,,,,,,,
Other EGR Type (if available),all,,,n,,,,,,,,,,,,,
Passenger Capacity,avg,FOOTPRINT_SUBCONFIG_VOLUMES,,y,,,,,,,,,,,,,
Passenger Capacity,min,,,y,,,,,,,,,,,,,
Passenger Capacity,max,,,y,,,,,,,,,,,,,
Payload Capacity,avg,FOOTPRINT_SUBCONFIG_VOLUMES,,y,,,,,,,,,,,,,
Payload Capacity,min,,,y,,,,,,,,,,,,,
Payload Capacity,max,,,y,,,,,,,,,,,,,
Power Steering,all,,,n,,,,,,,,,,,,,
"Production Volume (FE, 50 States)",sum,,,n,,,,,,,,,,,,,
"Production Volume (GHG, 50 States)",sum,,,y,,,,,,,,,,,,,
Rated Horsepower,min,,,y,,,,,,,,,,,,,
Rated Horsepower,max,,,y,,,,,,,,,,,,,
Rated Horsepower,avg,FOOTPRINT_SUBCONFIG_VOLUMES,,y,,,,,,,,,,,,,
Rear Tire Code,all,,,n,,,,,,,,,,,,,
Rear Tire Radius,max,,,n,,,,,,,,,,,,,
Rear Tire Radius,min,,,n,,,,,,,,,,,,,
Rear Tire Radius,avg,FOOTPRINT_SUBCONFIG_VOLUMES,,n,,,,,,,,,,,,,
Rear Track Width,max,,,n,,,,,,,,,,,,,
Rear Track Width,min,,,n,,,,,,,,,,,,,
Rear Track Width,avg,FOOTPRINT_SUBCONFIG_VOLUMES,,n,,,,,,,,,,,,,
Rechargeable Energy Storage System (y/n),all,,,n,,,,,,,,,,,,,
Redesign Length,avg,FOOTPRINT_SUBCONFIG_VOLUMES,,n,,,,,,,,,,,,,
Roadload Horsepower,avg,FOOTPRINT_SUBCONFIG_VOLUMES,,y,,,,,,,,,,,,,
Roadload Horsepower,min,,,y,,,,,,,,,,,,,
Roadload Horsepower,max,,,y,,,,,,,,,,,,,
Set A Coefficient,avg,FOOTPRINT_SUBCONFIG_VOLUMES,,y,,,,,,,,,,,,,
Set A Coefficient,min,,,y,,,,,,,,,,,,,
Set A Coefficient,max,,,y,,,,,,,,,,,,,
Set A Coefficient,min,,TOT_ROAD_LOAD_HP,n,,,,,,,,,,,,,
Set A Coefficient,max,,TOT_ROAD_LOAD_HP,n,,,,,,,,,,,,,
Set B Coefficient,avg,FOOTPRINT_SUBCONFIG_VOLUMES,,y,,,,,,,,,,,,,
Set B Coefficient,min,,,y,,,,,,,,,,,,,
Set B Coefficient,max,,,y,,,,,,,,,,,,,
Set B Coefficient,min,,TOT_ROAD_LOAD_HP,n,,,,,,,,,,,,,
Set B Coefficient,max,,TOT_ROAD_LOAD_HP,n,,,,,,,,,,,,,
Set C Coefficient,avg,FOOTPRINT_SUBCONFIG_VOLUMES,,y,,,,,,,,,,,,,
Set C Coefficient,min,,,y,,,,,,,,,,,,,
Set C Coefficient,max,,,y,,,,,,,,,,,,,
Set C Coefficient,min,,TOT_ROAD_LOAD_HP,n,,,,,,,,,,,,,
Set C Coefficient,max,,TOT_ROAD_LOAD_HP,n,,,,,,,,,,,,,
Stop-Start System (y/n),all,,,y,,,,,,,,,,,,,
Stop-Start System Description,all,,,n,,,,,,,,,,,,,
Three Row Seating (y/n)?,all,,,y,,,,,,,,,,,,,
Tire Width,max,,,n,,,,,,,,,,,,,
Tire Width,min,,,n,,,,,,,,,,,,,
Tire Width,avg,FOOTPRINT_SUBCONFIG_VOLUMES,,n,,,,,,,,,,,,,
TLAAS (y/n),all,,,n,,,,,,,,,,,,,
Total Number of Valves per Cylinder,all,,,n,,,,,,,,,,,,,
Torque,all,,,y,,,,,,,,,,,,,
Towing Capacity,avg,FOOTPRINT_SUBCONFIG_VOLUMES,,y,,,,,,,,,,,,,
Towing Capacity,min,,,y,,,,,,,,,,,,,
Towing Capacity,max,,,y,,,,,,,,,,,,,
OEM Towing Capacity,avg,FOOTPRINT_SUBCONFIG_VOLUMES,,y,,,,,,,,,,,,,
OEM Towing Capacity,min,,,y,,,,,,,,,,,,,
OEM Towing Capacity,max,,,y,,,,,,,,,,,,,
Transmission,all,,,n,,,,,,,,,,,,,
Transmission Creeper Gear (y/n),all,,,n,,,,,,,,,,,,,
Transmission Lockup (y/n),all,,,n,,,,,,,,,,,,,
Transmission Type,all,,,n,,,,,,,,,,,,,
Transmission Type (if Other),all,,,n,,,,,,,,,,,,,
Transmission Type Description,all,,,n,,,,,,,,,,,,,
Transmission Type Category,all,,,y,,,,,,,,,,,,,
Turning Circle,avg,FOOTPRINT_SUBCONFIG_VOLUMES,,n,,,,,,,,,,,,,
Turning Circle,max,,,n,,,,,,,,,,,,,
Turning Circle,min,,,n,,,,,,,,,,,,,
Use of Baseline Fuel (y/n),all,,,n,,,,,,,,,,,,,
Valve Actuation,all,,,n,,,,,,,,,,,,,
Variable Valve Lift (y/n),all,,,n,,,,,,,,,,,,,
Variable Valve Lift Description,all,,,n,,,,,,,,,,,,,
Variable Valve Timing (y/n),all,,,n,,,,,,,,,,,,,
Variable Valve Timing Description,all,,,n,,,,,,,,,,,,,
Wheelbase,avg,FOOTPRINT_SUBCONFIG_VOLUMES,,y,,,,,,,,,,,,,
Wheelbase,min,,,y,,,,,,,,,,,,,
Wheelbase,max,,,y,,,,,,,,,,,,,
Width,avg,FOOTPRINT_SUBCONFIG_VOLUMES,,y,,,,,,,,,,,,,
Width,min,,,y,,,,,,,,,,,,,
Width,max,,,y,,,,,,,,,,,,,
Wheels,avg,FOOTPRINT_SUBCONFIG_VOLUMES,,n,,,,,,,,,,,,,
Wheels,min,,,n,,,,,,,,,,,,,
Wheels,max,,,n,,,,,,,,,,,,,
DUAL FRONT SIDE-MOUNTED AIRBAGS,all,,,y,,,,,,,,,,,,,
DUAL FRONT WITH HEAD PROTECTION CHAMBERS SIDE-MOUNTED AIRBAGS,all,,,y,,,,,,,,,,,,,
DUAL FRONT AND DUAL REAR SIDE-MOUNTED AIRBAGS,all,,,y,,,,,,,,,,,,,
DUAL FRONT AND DUAL REAR WITH HEAD PROTECTION CHAMBERS SIDE-MOUNTED AIRBAGS,all,,,y,,,,,,,,,,,,,
DRIVER ONLY WITH HEAD PROTECTION CHAMBER SIDE-MOUNTED AIRBAGS,all,,,y,,,,,,,,,,,,,
"FRONT, REAR AND THIRD ROW HEAD AIRBAGS",all,,,y,,,,,,,,,,,,,
FRONT AND REAR HEAD AIRBAGS,all,,,y,,,,,,,,,,,,,
FRONT HEAD AIRBAGS,all,,,y,,,,,,,,,,,,,
STABILITY CONTROL,all,,,y,,,,,,,,,,,,,
TRACTION CONTROL,all,,,y,,,,,,,,,,,,,
TIRE PRESSURE MONITORING,all,,,y,,,,,,,,,,,,,
Battery Capacity,avg,FOOTPRINT_SUBCONFIG_VOLUMES,,y,,,,,,,,,,,,,
Battery Capacity,min,,,y,,,,,,,,,,,,,
Battery Capacity,max,,,y,,,,,,,,,,,,,
Battery Capacity,min,,TOT_ROAD_LOAD_HP,n,,,,,,,,,,,,,
Battery Capacity,max,,TOT_ROAD_LOAD_HP,n,,,,,,,,,,,,,
EPA Combined MPGe,avg,FOOTPRINT_SUBCONFIG_VOLUMES,,y,,,,,,,,,,,,,
EPA Combined MPGe,min,,,y,,,,,,,,,,,,,
EPA Combined MPGe,max,,,y,,,,,,,,,,,,,
EPA Combined MPGe,min,,TOT_ROAD_LOAD_HP,n,,,,,,,,,,,,,
EPA Combined MPGe,max,,TOT_ROAD_LOAD_HP,n,,,,,,,,,,,,,
EPA Electricity Range,avg,FOOTPRINT_SUBCONFIG_VOLUMES,,y,,,,,,,,,,,,,
EPA Electricity Range,min,,,y,,,,,,,,,,,,,
EPA Electricity Range,max,,,y,,,,,,,,,,,,,
EPA Electricity Range,min,,TOT_ROAD_LOAD_HP,n,,,,,,,,,,,,,
EPA Electricity Range,max,,TOT_ROAD_LOAD_HP,n,,,,,,,,,,,,,
EPA KWh/100 Mi,avg,FOOTPRINT_SUBCONFIG_VOLUMES,,y,,,,,,,,,,,,,
EPA KWh/100 Mi,min,,,y,,,,,,,,,,,,,
EPA KWh/100 Mi,max,,,y,,,,,,,,,,,,,
EPA KWh/100 Mi,min,,TOT_ROAD_LOAD_HP,n,,,,,,,,,,,,,
EPA KWh/100 Mi,max,,TOT_ROAD_LOAD_HP,n,,,,,,,,,,,,,
EPA Time To Charge Battery (At 240V),avg,FOOTPRINT_SUBCONFIG_VOLUMES,,y,,,,,,,,,,,,,
EPA Time To Charge Battery (At 240V),min,,,y,,,,,,,,,,,,,
EPA Time To Charge Battery (At 240V),max,,,y,,,,,,,,,,,,,
EPA Time To Charge Battery (At 240V),min,,TOT_ROAD_LOAD_HP,n,,,,,,,,,,,,,
EPA Time To Charge Battery (At 240V),max,,TOT_ROAD_LOAD_HP,n,,,,,,,,,,,,,
