UserFriendlyName,FieldName,DefaultUnit,wrds1Field,wrds1Units,wrds1Priority,edms1Field,edms1Units,edms1Priority,fegd1Field,fegd1Units,fegd1Priority,tscr1Field,tscr1Units,tscr1Priority,alda1Field,alda1Units,alda1Priority,suda1Field,suda1Units,suda1Priority,strv1Field,strv1Units,strv1Priority,vghg1Field,vghg1Unit,vghg1Priority,bsln1Field,bsln1Unit,bsln1Priority,rdsn1Field,rdsn1Unit,rdsn1Priority,svtm1Field,svtm1Unit,svtm1Priority,twgd1Field,twgd1Unit,twgd1Priority
50 State Production Volume (Standard),PROD_VOL_GHG_STD_50_STATE,,,,,,,,,,,,,,,,,,,,,,,Distributed Footprint Standard Volumes,,1,,,,,,,,,,,,
50 State Production Volume (TLAAS),PROD_VOL_GHG_TLAAS_50_STATE,,,,,,,,,,,,,,,,,,,,,,,Distributed Footprint TLAAS Volumes,,1,,,,,,,,,,,,
50 State Production Volume (Total),PROD_VOL_GHG_TOTAL_50_STATE,,,,,,,,,,,,,,,,,,,,,,,Distributed Footprint Volumes,,1,,,,,,,,,,,,
A Coefficient,TARGET_COEF_A,lbf,,,,,,,,,,,,,,,,,,,,,,TARGET_COEF_A,lbf,1,,,,,,,,,,,,
SET_COEF_A,SET_COEF_A,lbf,,,,,,,,,,,,,,,,,,,,,,SET_COEF_A,lbf,1,,,,,,,,,,,,
TARGET_COEF_BEST_MTH,TARGET_COEF_BEST_MTH,,,,,,,,,,,,,,,,,,,,,,,TARGET_COEF_BEST_MTH,,1,,,,,,,,,,,,
TARGET_COEF_A_BEST,TARGET_COEF_A_BEST,lbf,,,,,,,,,,,,,,,,,,,,,,TARGET_COEF_A_BEST,lbf,1,,,,,,,,,,,,
SET_COEF_A_BEST,SET_COEF_A_BEST,lbf,,,,,,,,,,,,,,,,,,,,,,SET_COEF_A_BEST,lbf,1,,,,,,,,,,,,
Air Aspiration,AIR_ASP,,,,,,,,,,,,,,,,,,,,,,,AIR_ASP,,1,,,,,,,,,,,,
Air Aspiration Description,AIR_ASP_DESC,,,,,,,,,,,,,,,,,,,,,,,AIR_ASP_DESC,,1,,,,,,,,,,,,
Air Injection,AIR_INJECTION_TYPE_CD,,,,,,,,,,,,,,,,,,,,,,,AIR_INJECTION_TYPE_CD,,1,,,,,,,,,,,,
Air Injection Description,AIR_INJECTION_TYPE_DESC,,,,,,,,,,,,,,,,,,,,,,,AIR_INJECTION_TYPE_DESC,,1,,,,,,,,,,,,
Approach Angle,APPROACH_ANGLE,deg,,,,,,,,,,,,,,,,,,,,,,APPROACH_ANGLE,deg,1,,,,,,,,,,,,
Axle Ratio,AXLE_RATIO,,,,,,,,,,,,,,,,,VEH_AXLE_RATIO,,2,,,,AXLE_RATIO,,1,,,,,,,,,,,,
B Coefficient,TARGET_COEF_B,lbf/mph,,,,,,,,,,,,,,,,,,,,,,TARGET_COEF_B,lbf/mph,1,,,,,,,,,,,,
SET_COEF_B,SET_COEF_B,lbf,,,,,,,,,,,,,,,,,,,,,,SET_COEF_B,lbf,1,,,,,,,,,,,,
TARGET_COEF_B_BEST,TARGET_COEF_B_BEST,lbf/mph,,,,,,,,,,,,,,,,,,,,,,TARGET_COEF_B_BEST,lbf/mph,1,,,,,,,,,,,,
SET_COEF_B_BEST,SET_COEF_B_BEST,lbf,,,,,,,,,,,,,,,,,,,,,,SET_COEF_B_BEST,lbf,1,,,,,,,,,,,,
FTP Bag 1 FE,FTP_FE Bag 1,mpg,,,,,,,,,,,,,,,,,,,,,,FTP_FE Bag 1,mpg,1,,,,,,,,,,,,
FTP Bag 2 FE,FTP_FE Bag 2,mpg,,,,,,,,,,,,,,,,,,,,,,FTP_FE Bag 2,mpg,1,,,,,,,,,,,,
FTP Bag 3 FE,FTP_FE Bag 3,mpg,,,,,,,,,,,,,,,,,,,,,,FTP_FE Bag 3,mpg,1,,,,,,,,,,,,
FTP Bag 4 FE,FTP_FE Bag 4,mpg,,,,,,,,,,,,,,,,,,,,,,FTP_FE Bag 4,mpg,1,,,,,,,,,,,,
US06 FE,US06_FE,mpg,,,,,,,,,,,,,,,,,,,,,,US06_FE,mpg,1,,,,,,,,,,,,
US06 Bag 1 FE,US06_FE Bag 1,mpg,,,,,,,,,,,,,,,,,,,,,,US06_FE Bag 1,mpg,1,,,,,,,,,,,,
US06 Bag 2 FE,US06_FE Bag 2,mpg,,,,,,,,,,,,,,,,,,,,,,US06_FE Bag 2,mpg,1,,,,,,,,,,,,
Bed Description,BedDescription,,,,,,,,,,,,,,,,,,,,,,,ref_BedDescription,,1,,,,,,,,,,,,
Body Description,BodyDescription,,,,,,,,,,,,,,,,,,,,,,,BodyDescription,,1,,,,,,,,,,,,
BodyID,BodyID,,,,,,,,,,,,,,,,,,,,,,,BodyID,,1,,,,,,,,,,,,
BodyID End Year,BodyID EndYear,,,,,,,,,,,,,,,,,,,,,,,BodyID EndYear,,1,,,,,,,,,,,,
BodyID Model,ref_Model,,,,,,,,,,,,,,,,,,,,,,,ref_Model,,1,,,,,,,,,,,,
BodyID Model Description,BodyDescription,,,,,,,,,,,,,,,,,,,,,,,BodyDescription,,1,,,,,,,,,,,,
BodyID Start Year,BodyID StartYear,,,,,,,,,,,,,,,,,,,,,,,BodyID StartYear,,1,,,,,,,,,,,,
Boost Type Category,Boost Type Category,,,,,,,,,,,,,,,,,,,,,,,Boost Type Category,,1,,,,,,,,,,,,
Breakover Angle,BREAKOVER_ANGLE,deg,,,,,,,,,,,,,,,,,,,,,,BREAKOVER_ANGLE,deg,1,,,,,,,,,,,,
C Coefficient,TARGET_COEF_C,lbf/mph2,,,,,,,,,,,,,,,,,,,,,,TARGET_COEF_C,lbf/mph2,1,,,,,,,,,,,,
SET_COEF_C,SET_COEF_C,lbf,,,,,,,,,,,,,,,,,,,,,,SET_COEF_C,lbf,1,,,,,,,,,,,,
TARGET_COEF_C_BEST,TARGET_COEF_C_BEST,lbf/mph2,,,,,,,,,,,,,,,,,,,,,,TARGET_COEF_C_BEST,lbf/mph2,1,,,,,,,,,,,,
SET_COEF_C_BEST,SET_COEF_C_BEST,lbf,,,,,,,,,,,,,,,,,,,,,,SET_COEF_C_BEST,lbf,1,,,,,,,,,,,,
CabinID,CabinID,,,,,,,,,,,,,,,,,,,,,,,CabinID,,1,,,,,,,,,,,,
CabinID End Year,CabinID EndYear,,,,,,,,,,,,,,,,,,,,,,,CabinID EndYear,,1,,,,,,,,,,,,
CabinID Start Year,CabinID StartYear,,,,,,,,,,,,,,,,,,,,,,,CabinID StartYear,,1,,,,,,,,,,,,
CAFE City Fuel Economy,EPA_CAFE_MT_CALC_CITY_FE_4,mpg,,,,,,,,,,,,,,,,,,,,,,EPA_CAFE_MT_CALC_CITY_FE_4,,1,,,,,,,,,,,,
CAFE City GHG,EPA_CAFE_MT_CALC_CITY_GHG_1,g/mi,,,,,,,,,,,,,,,,,,,,,,EPA_CAFE_MT_CALC_CITY_GHG_1,g/mi,1,,,,,,,,,,,,
CAFE Combined Fuel Economy,EPA_CAFE_MT_CALC_COMB_FE_4,mpg,,,,,,,,,,,,,,,,,,,,,,EPA_CAFE_MT_CALC_COMB_FE_4,,1,,,,,,,,,,,,
CAFE Combined GHG,EPA_CAFE_MT_CALC_COMB_GHG_1,g/mi,,,,,,,,,,,,,,,,,,,,,,EPA_CAFE_MT_CALC_COMB_GHG_1,g/mi,1,,,,,,,,,,,,
CAFE Combined Rounded Fuel Economy,EPA_CAFE_MT_CALC_COMB_FE_1,mpg,,,,,,,,,,,,,,,,,,,,,,EPA_CAFE_MT_CALC_COMB_FE_1,,1,,,,,,,,,,,,
CAFE Combined Rounded GHG,EPA_CAFE_MT_CALC_COMB_GHG_0,g/mi,,,,,,,,,,,,,,,,,,,,,,EPA_CAFE_MT_CALC_COMB_GHG_0,g/mi,1,,,,,,,,,,,,
CAFE Highway Fuel Economy,EPA_CAFE_MT_CALC_HWY_FE_4,mpg,,,,,,,,,,,,,,,,,,,,,,EPA_CAFE_MT_CALC_HWY_FE_4,,1,,,,,,,,,,,,
CAFE Highway GHG,EPA_CAFE_MT_CALC_HWY_GHG_1,g/mi,,,,,,,,,,,,,,,,,,,,,,EPA_CAFE_MT_CALC_HWY_GHG_1,g/mi,1,,,,,,,,,,,,
CAFE ID,CAFE_ID,,,,,,,,,,,,,,,,,,,,,,,CAFE_ID,,1,,,,,,,,,,,,
CAFE Manufacturer Code,CAFE_MFR_CODE,,,,,,,,,,,,,,,,,,,,,,,CAFE_MFR_CODE,,1,,,,,,,,,,,,
CAFE Manufacturer Name,CAFE_MFR_NAME,,,,,,,,,,,,,,,,,,,,,,,CAFE_MFR_NM,,1,,,,,,,,,,,,
CAFE Model Year,CAFE_MODEL_YEAR,,,,,,,,,,,,,,,,,,,,,,,MODEL_YEAR,,1,,,,,,,,,,,,
Calc ID,CALC_ID,,,,,,,,,,,,,,,,,,,,,,,CALC_ID,,1,,,,,,,,,,,,
Calculated Roadload Horsepower,RLHP_FROM_RLCOEFFS,hp,,,,,,,,,,,,,,,,,,,,,,RLHP_FROM_RLCOEFFS,hp,1,,,,,,,,,,,,
Calculated Rolling Resistance Coefficient,RRC_FROM_RLCOEFFS,,,,,,,,,,,,,,,,,,,,,,,RRC_FROM_RLCOEFFS,,,,,,,,,,,,,,
Camless Valvetrain (y/n),CAMLESS_VALVETRAIN_YN,,,,,,,,,,,,,,,,,,,,,,,CAMLESS_VALVETRAIN_YN,,1,,,,,,,,,,,,
Cargo Capacity,ROUNDED_CARGO_CARRYING_VOL,ft3,,,,,,,,,,,,,,,,,,,,,,ROUNDED_CARGO_CARRYING_VOL,ft3,1,,,,,,,,,,,,
Carline Class,CARLINE_CLASS,,,,,,,,,,,,,,,,,,,,,,,CARLINE_CLASS,,1,,,,,,,,,,,,
Carline Class Description,CARLINE_CLASS_DESC,,,,,,,,,,,,,,,,,,,,,,,CARLINE_CLASS_DESC,,1,,,,,,,,,,,,
Carline Code,CARLINE_CODE,,,,,,,,,,,,,,,,,,,,,,,CARLINE_CODE,,1,,,,,,,,,,,,
Carline Manufacturer Code,CARLINE_MFR_CODE,,,,,,,,,,,,,,,,,,,,,,,CAFE_MFR_CD,,1,,,,,,,,,,,,
Carline Manufacturer Name,CARLINE_MFR_NAME,,,,,,,,,,,,,,,,,,,,,,,CARLINE_MFR_NAME,,1,,,,,,,,,,,,
Carline Name,CARLINE_NAME,,,,,,,,,,,,,,,,,,,,,,,CARLINE_NAME,,1,,,,,,,,,,,,
CD,CD,,,,,,,,,,,,,,,,,,,,,,,,,,Cd,,1,,,,,,,,,
Charge Air Cooling,CHARGE_AIR_COOLER,,,,,,,,,,,,,,,,,,,,,,,CHARGE_AIR_COOLER,,1,,,,,,,,,,,,
Charge Air Cooling Description,CHARGE_AIR_COOLER_DESC,,,,,,,,,,,,,,,,,,,,,,,CHARGE_AIR_COOLER_DESC,,1,,,,,,,,,,,,
City Adjusted Fuel Economy,City Adjusted Fuel Economy,mpg,Est. MPG City,mpg,2,,,,City Unrd Adj FE - Conventional Fuel,mpg,1,,,,,,,,,,,,,,,,,,,,,,,,,,,
City Unadjusted Fuel Economy,City Unadjusted Fuel Economy,,,,,,,,City Unadj FE - Conventional Fuel,mpg,1,,,,,,,,,,,,,,,,,,,,,,,,,,,
CO2 Tailpipe Emissions,EPA_CAFE_MT_CALC_COMB_GHG_0,g/mi,,,,,,,,,,,,,,,,,,,,,,EPA_CAFE_MT_CALC_COMB_GHG_0,g/mi,1,,,,,,,,,,,,
CO2 Target,EPA_TARGET_GHG_RND_GPM_1,g/mi,,,,,,,,,,,,,,,,,,,,,,EPA_TARGET_GHG_RND_GPM_1,g/mi,1,,,,,,,,,,,,
Combined Adjusted Fuel Economy,Combined Adjusted Fuel Economy,mpg,Est. MPG Comb,mpg,2,,,,Comb Unrd Adj FE - Conventional Fuel,mpg,1,,,,,,,,,,,,,,,,,,,,,,,,,,,
Combined Force Average Velocity,COMB_FORCEAVG_SPEED_MPH,mph,,,,,,,,,,,,,,,,,,,,,,COMB_FORCEAVG_SPEED_MPH,mph,1,,,,,,,,,,,,
Combined Fuel Energy Intensity,Combined Fuel Energy Intensity (MJ/km),MJ/km,,,,,,,,,,,,,,,,,,,,,,Combined Fuel Energy Intensity (MJ/km),MJ/km,1,,,,,,,,,,,,
Combined Load Factor,Combined Load Factor (%),,,,,,,,,,,,,,,,,,,,,,,Combined Load Factor (%),,1,,,,,,,,,,,,
City Powertrain Efficiency,City PTEFF_FROM_RLCOEFFS,,,,,,,,,,,,,,,,,,,,,,,City PTEFF_FROM_RLCOEFFS,,1,,,,,,,,,,,,
City Tractive Energy Intensity,City Tractive Road Energy Intensity (Wh/mi),Wh/mi,,,,,,,,,,,,,,,,,,,,,,City Tractive Road Energy Intensity (Wh/mi),Wh/mi,1,,,,,,,,,,,,
Hwy Powertrain Efficiency,Hwy PTEFF_FROM_RLCOEFFS,,,,,,,,,,,,,,,,,,,,,,,Hwy PTEFF_FROM_RLCOEFFS,,1,,,,,,,,,,,,
Hwy Tractive Energy Intensity,Hwy Tractive Road Energy Intensity (Wh/mi),Wh/mi,,,,,,,,,,,,,,,,,,,,,,Hwy Tractive Road Energy Intensity (Wh/mi),Wh/mi,1,,,,,,,,,,,,
Combined Powertrain Efficiency,PTEFF_FROM_RLCOEFFS,,,,,,,,,,,,,,,,,,,,,,,PTEFF_FROM_RLCOEFFS,,1,,,,,,,,,,,,
Combined Tractive Energy Intensity,Combined Tractive Road Energy Intensity (Wh/mi),Wh/mi,,,,,,,,,,,,,,,,,,,,,,Combined Tractive Road Energy Intensity (Wh/mi),Wh/mi,1,,,,,,,,,,,,
US06 Tractive Energy Intensity,US06 Tractive Road Energy Intensity (Wh/mi),Wh/mi,,,,,,,,,,,,,,,,,,,,,,US06 Tractive Road Energy Intensity (Wh/mi),Wh/mi,1,,,,,,,,,,,,
Combined Unadjusted Fuel Economy,Combined Unadjusted Fuel Economy,,,,,,,,Comb Unadj FE - Conventional Fuel,mpg,1,,,,,,,,,,,,,,,,,,,,,,,,,,,
Compliance Category Code,COMPLIANCE_CATEGORY_CD,,,,,,,,,,,,,,,,,,,,,,,COMPLIANCE_CATEGORY_CD,,1,,,,,,,,,,,,
Compliance Category Description,COMPLIANCE_CATEGORY_DESC,,,,,,,,,,,,,,,,,,,,,,,COMPLIANCE_CATEGORY_DESC,,1,,,,,,,,,,,,
Compression Ratio,Compression Ratio,,Comp. Ratio,,1,,,,,,,,,,,,,,,,,,,,,,,,,,,,,,,,,
Cooled EGR (y/n),COOLED_EGR_YN,,,,,,,,,,,,,,,,,,,,,,,COOLED_EGR_YN,,1,,,,,,,,,,,,
Curb Weight,Curb Weight,lbf,Curb Weight (lbs.),lbf,2,CURB WEIGHT,lbf,1,,,,,,,,,,,,,,,,,,,,,,,,,,,,,,
Cylinder Deactivation (y/n),CYL_DEACT,,,,,,,,,,,,,,,,,,,,,,,CYL_DEACT,,1,,,,,,,,,,,,
Cylinder Deactivation Description,CYL_DEACT_DESC,,,,,,,,,,,,,,,,,,,,,,,CYL_DEACT_DESC,,1,,,,,,,,,,,,
Cylinder Layout Category,Cylinder Layout Category,,,,,,,,,,,,,,,,,,,,,,,Cylinder Layout Category,,1,,,,,,,,,,,,
Departure Angle,DEPARTURE_ANGLE,deg,,,,,,,,,,,,,,,,,,,,,,DEPARTURE_ANGLE,deg,1,,,,,,,,,,,,
Displacement Specific Fuel Energy Intensity,Displacement Specific Combined Fuel Energy Intensity (MJ/km/L),Mj/km/L,,,,,,,,,,,,,,,,,,,,,,Displacement Specific Combined Fuel Energy Intensity (MJ/km/L),MJ/km/L,1,,,,,,,,,,,,
Displacement Specific Tractive Energy Intensity,Displacement Specific Combined Tractive Road Energy Intensity (MJ/km/L),Mj/km/L,,,,,,,,,,,,,,,,,,,,,,Displacement Specific Combined Tractive Road Energy Intensity (MJ/km/L),MJ/km/L,1,,,,,,,,,,,,
Domestic Import,DOMESTIC_IMPORT,,,,,,,,,,,,,,,,,,,,,,,DOMESTIC_IMPORT,,1,,,,,,,,,,,,
Drive Source,DRIVE_SOURCE,,,,,,,,,,,,,,,,,,,,,,,DRIVE_SOURCE,,1,,,,,,,,,,,,
Drive Source Description,DRIVE_SOURCE_DESC,,,,,,,,,,,,,,,,,,,,,,,DRIVE_SOURCE_DESC,,1,,,,,,,,,,,,
Drive System,DRV_SYS,,,,,,,,,,,,,,,,,,,,,,,DRV_SYS,,1,,,,,,,,,,,,
Drive System Code,Drive System Code,,,,,,,,,,,,,,,,,,,,,,,Drive System Code,,1,,,,,,,,,,,,
Drive System Description,DRV_SYS_DESC,,,,,,,,,,,,,,,,,,,,,,,DRV_SYS_DESC,,1,,,,,,,,,,,,
Drivetrain Layout Category,Drivetrain Layout Category,,,,,,,,,,,,,,,,,,,,,,,Drivetrain Layout Category,,1,,,,,,,,,,,,
EGR (y/n),EGR_YN,,,,,,,,,,,,,,,,,,,,,,,EGR_YN,,1,,,,,,,,,,,,
EGR Type,EGR_TYPE,,,,,,,,,,,,,,,,,,,,,,,EGR_TYPE,,1,,,,,,,,,,,,
EGR Type Description,EGR_TYPE_DESC,,,,,,,,,,,,,,,,,,,,,,,EGR_TYPE_DESC,,1,,,,,,,,,,,,
Powertrain Category,Powertrain Category,,,,,,,,,,,,,,,,,,,,,,,Powertrain Category,,1,,,,,,,,,,,,
Electrification Category,Electrification Category,,,,,,,,,,,,,,,,,,,,,,,Electrification Category,,1,,,,,,,,,,,,
Energy Economy Rating,Energy Economy Rating,,,,,,,,,,,,,,,,,,,,,,,,,,,,,,,,,,,,,
Engine Block Arrangement,ENG_BLOCK_ARRANGEMENT_CD,,,,,,,,,,,,,,,,,,,,,,,ENG_BLOCK_ARRANGEMENT_CD,,1,,,,,,,,,,,,
Engine Block Arrangement Description,ENG_BLOCK_ARRANGEMENT_DESC,,,,,,,,,,,,,,,,,,,,,,,ENG_BLOCK_ARRANGEMENT_DESC,,1,,,,,,,,,,,,
Engine Displacement,ENG_DISPL,L,,,,,,,,,,,,,,,,,,,,,,ENG_DISPL,L,1,,,,,,,,,,,,
Engine Displacement Category,Engine Displacement Category,,,,,,,,,,,,,,,,,,,,,,,Engine Displacement Category,,1,,,,,,,,,,,,
Engine Displacement Unit,DISPL_UNIT,,,,,,,,,,,,,,,,,,,,,,,DISPL_UNIT,,1,,,,,,,,,,,,
Engine Type,ENG_TYPE,,,,,,,,,,,,,,,,,,,,,,,ENG_TYPE,,1,,,,,,,,,,,,
Engine Type Description,ENG_TYPE_DESC,,,,,,,,,,,,,,,,,,,,,,,ENG_TYPE_DESC,,1,,,,,,,,,,,,
Engine Type Description Details,ENGINE_TYPE_DETAIL_DESC,,,,,,,,,,,,,,,,,,,,,,,ENGINE_TYPE_DETAIL_DESC,,1,,,,,,,,,,,,
EPA Target Fuel Economy,EPA_TARGET_FE_VALUE,,,,,,,,,,,,,,,,,,,,,,,EPA_TARGET_FE_VALUE,mpg,1,,,,,,,,,,,,
EPA Target GHG Emissions,EPA_TARGET_GHG_RND_GPM_1,,,,,,,,,,,,,,,,,,,,,,,EPA_TARGET_GHG_RND_GPM_1,g/mi,1,,,,,,,,,,,,
Equivalent Test Weight,ETW,lbf,,,,,,,,,,,,,,,,VEH_ETW,lbf,2,,,,ETW,lbf,1,,,,,,,,,,,,
Estimated CdA,CDA_FROM_RLCOEFFS,ft2,,,,,,,,,,,,,,,,,,,,,,CDA_FROM_RLCOEFFS,ft2,1,,,,,,,,,,,,
Final City Fuel Economy,FINAL_CALC_CITY_FE_4,mpg,,,,,,,,,,,,,,,,,,,,,,FINAL_CALC_CITY_FE_4,,1,,,,,,,,,,,,
Final City GHG,FINAL_CALC_CITY_GHG_1,g/mi,,,,,,,,,,,,,,,,,,,,,,FINAL_CALC_CITY_GHG_1,g/mi,1,,,,,,,,,,,,
Final Combined Fuel Economy,FINAL_CALC_COMB_FE_4,mpg,,,,,,,,,,,,,,,,,,,,,,FINAL_CALC_COMB_FE_4,,1,,,,,,,,,,,,
Final Combined GHG,FINAL_CALC_COMB_GHG_1,g/mi,,,,,,,,,,,,,,,,,,,,,,FINAL_CALC_COMB_GHG_1,g/mi,1,,,,,,,,,,,,
Final Highway Fuel Economy,FINAL_CALC_HWY_FE_4,mpg,,,,,,,,,,,,,,,,,,,,,,FINAL_CALC_HWY_FE_4,,1,,,,,,,,,,,,
Final Highway GHG,FINAL_CALC_HWY_GHG_1,g/mi,,,,,,,,,,,,,,,,,,,,,,FINAL_CALC_HWY_GHG_1,g/mi,1,,,,,,,,,,,,
Footprint,FOOTPRINT,ft2,,,,,,,,,,,,,,,,,,,,,,EPA_CALC_ROUNDED_1_SQFT,ft2,1,,,,,,,,,,,,
Footprint Carline Code,FOOTPRINT_CARLINE_CD,,,,,,,,,,,,,,,,,,,,,,,FOOTPRINT_CARLINE_CD,,1,,,,,,,,,,,,
Footprint Carline Name,FOOTPRINT_CARLINE_NM,,,,,,,,,,,,,,,,,,,,,,,FOOTPRINT_CARLINE_NM,,1,,,,,,,,,,,,
Footprint Description,FOOTPRINT_DESC,,,,,,,,,,,,,,,,,,,,,,,FOOTPRINT_DESC,,1,,,,,,,,,,,,
Footprint Division Code,FOOTPRINT_DIVISION_CD,,,,,,,,,,,,,,,,,,,,,,,FOOTPRINT_DIVISION_CD,,1,,,,,,,,,,,,
Footprint Division Name,FOOTPRINT_DIVISION_NM,,,,,,,,,,,,,,,,,,,,,,,FOOTPRINT_DIVISION_NM,,1,,,,,,,,,,,,
Footprint Index,FOOTPRINT_INDEX,,,,,,,,,,,,,,,,,,,,,,,FOOTPRINT_INDEX,,1,,,,,,,,,,,,
Footprint Manufacturer Code,FOOTPRINT_MFR_CD,,,,,,,,,,,,,,,,,,,,,,,FOOTPRINT_MFR_CD,,1,,,,,,,,,,,,
Footprint Manufacturer Name,FOOTPRINT_MFR_NM,,,,,,,,,,,,,,,,,,,,,,,FOOTPRINT_MFR_NM,,1,,,,,,,,,,,,
Footprint Subconfiguration Volumes,FOOTPRINT_SUBCONFIG_VOLUMES,,,,,,,,,,,,,,,,,,,,,,,FOOTPRINT_SUBCONFIG_VOLUMES,,1,,,,,,,,,,,,
Front Tire Code,FRONT_BASE_TIRE_CODE,,,,,,,,,,,,,,,,,,,,,,,FRONT_BASE_TIRE_CODE,,1,,,,,,,,,,,,
Front Tire Radius,FRONT_TIRE_RADIUS_IN,in,,,,,,,,,,,,,,,,,,,,,,FRONT_TIRE_RADIUS_IN,in,1,,,,,,,,,,,,
Front Track Width,FRONT_TRACK_WIDTH_INCHES,in,,,,,,,,,,,,,,,,,,,,,,FRONT_TRACK_WIDTH_INCHES,in,1,,,,,,,,,,,,
Frontal Area Estimate,FRONT_AREA_EST_FT2,ft2,,,,,,,,,,,,,,,,,,,,,,FRONT_AREA_EST_FT2,ft2,1,,,,,,,,,,,,
FTP Tractive Energy,FTP Tractive Energy,kWhr,,,,,,,,,,,,,,,,FTP Tractive Energy (kWhr),kWhr,1,,,,,,,,,,,,,,,,,,
Fuel Carbon Weight,FUEL_BLND_CARBON_WT,,,,,,,,,,,,,,,,,FUEL_BLND_CARBON_WT,,1,,,,,,,,,,,,,,,,,,
Fuel Cell (y/n),FUEL_CELL_YN,,,,,,,,,,,,,,,,,,,,,,,FUEL_CELL_YN,,1,,,,,,,,,,,,
Fuel Economy Unit,FE_UNIT,,,,,,,,,,,,,,,,,,,,,,,FE_UNIT,,1,,,,,,,,,,,,
Fuel Gravity,FUEL_GRAVITY,,,,,,,,,,,,,,,,,,,,,,,FUEL_GRAVITY,,1,,,,,,,,,,,,
Fuel Metering,FUEL_METERING,,,,,,,,,,,,,,,,,,,,,,,FUEL_METERING,,1,,,,,,,,,,,,
Fuel Metering Description,FUEL_METERING_DESC,,,,,,,,,,,,,,,,,,,,,,,FUEL_METERING_DESC,,1,,,,,,,,,,,,
Fuel Recommended,Fuel Recommended,,,,,FUEL TYPE,,1,,,,,,,,,,,,,,,,,,,,,,,,,,,,,,
Fuel Tank Capacity,Fuel Tank Capacity,gal,,,,FUEL TANK CAPACITY,gal,1,,,,,,,,,,,,,,,,,,,,,,,,,,,,,,
Fuel Type Category,Fuel Type Category,,,,,,,,,,,,,,,,,,,,,,,Fuel Type Category,,1,,,,,,,,,,,,
Fuel Usage,FUEL_USAGE,,,,,,,,,,,,,,,,,,,,,,,FUEL_USAGE,,1,,,,,,,,,,,,
Fuel Usage Description,FUEL_USAGE_DESC,,,,,,,,,,,,,,,,,,,,,,,FUEL_USAGE_DESC,,1,,,,,,,,,,,,
Gross Vehicle Weight Rating,Gross Vehicle Weight Rating,lbf,,,,GROSS WEIGHT,lbf,1,,,,,,,,,,,,,,,,,,,,,,,,,,,,,,
Ground Clearance,Ground Clearance,in,,,,GROUND CLEARANCE,in,1,,,,,,,,,,,,,,,,,,,,,,,,,,,,,,
Grouped CD,CD_GROUPED,,,,,,,,,,,,,,,,,,,,,,,CD_GROUPED,,1,,,,,,,,,,,,
Height,Height,in,Overall Height (ins.),in,2,HEIGHT,in,1,,,,,,,,,,,,,,,,,,,,,,,,,,,,,,
Highway Adjusted Fuel Economy,Highway Adjusted Fuel Economy,mpg,Est. MPG Hwy,mpg,2,,,,Hwy Unrd Adj FE - Conventional Fuel,mpg,1,,,,,,,,,,,,,,,,,,,,,,,,,,,
Highway Unadjusted Fuel Economy,Highway Unadjusted Fuel Economy,,,,,,,,Hwy Unadj FE - Conventional Fuel,mpg,1,,,,,,,,,,,,,,,,,,,,,,,,,,,
Horsepower at RPM,Horsepower at RPM,,,,,HORSEPOWER,,1,,,,,,,,,,,,,,,,,,,,,,,,,,,,,,
HWFET Tractive Energy,HWFET Tractive Energy,kWhr,,,,,,,,,,,,,,,,HWFET Tractive Energy (kWhr),kWhr,1,,,,,,,,,,,,,,,,,,
Hybrid (y/n),HYBRID_YN,,,,,,,,,,,,,,,,,,,,,,,HYBRID_YN,,1,,,,,,,,,,,,
Hybrid Check,HYBRID_YN,,,,,,,,,,,,,,,,,,,,,,,HYBRID_YN,,1,,,,,,,,,,,,
Hybrid Type,HYBRID_TYPE,,,,,,,,,,,,,,,,,,,,,,,HYBRID_TYPE,,1,,,,,,,,,,,,
Hybrid Type Description,HYBRID_TYPE_DESC,,,,,,,,,,,,,,,,,,,,,,,HYBRID_TYPE_DESC,,1,,,,,,,,,,,,
Inertia Work Ratio Rating,Inertia Work Ratio Rating,,,,,,,,,,,,,,,,,,,,,,,,,,,,,,,,,,,,,
Interior Volume,Interior Volume,ft3,,,,EPA INTERIOR VOLUME,ft3,1,,,,,,,,,,,,,,,,,,,,,,,,,,,,,,
Last Observed BodyID Year,Last Observed BodyID Year,,,,,,,,,,,,,,,,,,,,,,,Last Observed Year_BodyID,,1,,,,,,,,,,,,
Last Observed CabinID Year,Last Observed CabinID Year,,,,,,,,,,,,,,,,,,,,,,,Last Observed Year_CabinID,,1,,,,,,,,,,,,
Length,Length,in,Overall Size Length (ins.),in,2,LENGTH,in,1,,,,,,,,,,,,,,,,,,,,,,,,,,,,,,
LineageID,LineageID,,,,,,,,,,,,,,,,,,,,,,,LineageID,,1,,,,,,,,,,,,
Manufacturer,FOOTPRINT_MFR_NM,,,,,,,,,,,,,,,,,,,,,,,FOOTPRINT_MFR_NM,,1,,,,,,,,,,,,
Manufacturer Division,MFR_DIVISION_SHORT_NM,,,,,,,,,,,,,,,,,,,,,,,MFR_DIVISION_SHORT_NM,,1,,,,,,,,,,,,
Manufacturer Division Code,MFR_DIVISION_CODE,,,,,,,,,,,,,,,,,,,,,,,MFR_DIVISION_CODE,,1,,,,,,,,,,,,
Manufacturer Division Name,MFR_DIVISION_NM,,,,,,,,,,,,,,,,,,,,,,,MFR_DIVISION_NM,,1,,,,,,,,,,,,
Min Front/Rear Axle Clearance,MIN_FRONT_REAR_AXLE_CLEARANCE,in,,,,,,,,,,,,,,,,,,,,,,MIN_FRONT_REAR_AXLE_CLEARANCE,in,1,,,,,,,,,,,,
Min Running Clearance,MIN_RUNNING_CLEARANCE,in,,,,,,,,,,,,,,,,,,,,,,MIN_RUNNING_CLEARANCE,in,1,,,,,,,,,,,,
Model Type Comments,MFR_MODEL_TYPE_COMMENTS,,,,,,,,,,,,,,,,,,,,,,,MFR_MODEL_TYPE_COMMENTS,,1,,,,,,,,,,,,
Model Type Description,MODEL_TYPE_DESC,,,,,,,,,,,,,,,,,,,,,,,MODEL_TYPE_DESC,,1,,,,,,,,,,,,
Model Type Index,MODEL_TYPE_INDEX,,,,,,,,,,,,,,,,,,,,,,,MODEL_TYPE_INDEX,,1,,,,,,,,,,,,
MSRP,MSRP,$US,Retail Price ($),,2,MSRP,$US,1,,,,,,,,,,,,,,,,,,,,,,,,,,,,,,
Net Heating Value,FUEL_NET_HEATING_VALUE,BTU/lbm,,,,,,,,,,,,,,,,,,,,,,FUEL_NET_HEATING_VALUE,BTU/lbm,1,,,,,,,,,,,,
NHTSA Vehicle Class Description,NHTSA_CAFE_VEH_CLASS_DESC,,,,,,,,,,,,,,,,,,,,,,,NHTSA_CAFE_VEH_CLASS_DESC,,1,,,,,,,,,,,,
NHTSA Vehicle Class Number,NHTSA_CAFE_VEH_CLASS_NUM,,,,,,,,,,,,,,,,,,,,,,,NHTSA_CAFE_VEH_CLASS_NUM,,1,,,,,,,,,,,,
Non-Aero Road Load Force,NON_AERO_DRAG_FORCE_FROM_RLCOEFFS,lbf,,,,,,,,,,,,,,,,,,,,,,NON_AERO_DRAG_FORCE_FROM_RLCOEFFS,lbf,1,,,,,,,,,,,,
Number of Cylinders,NUM_CYLINDRS_ROTORS,,,,,,,,,,,,,,,,,,,,,,,NUM_CYLINDRS_ROTORS,,1,,,,,,,,,,,,
Number of Cylinders Category,Number of Cylinders Category,,,,,,,,,,,,,,,,,,,,,,,Number of Cylinders Category,,1,,,,,,,,,,,,
Number of Exhaust Valves per Cylinder,NUM_EXH_VALVE_PER_CYLNDR,,,,,,,,,,,,,,,,,,,,,,,NUM_EXH_VALVE_PER_CYLNDR,,1,,,,,,,,,,,,
Number of Intake Valves per Cylinder,NUM_INLET_VALVE_PER_CYLNDR,,,,,,,,,,,,,,,,,,,,,,,NUM_INLET_VALVE_PER_CYLNDR,,1,,,,,,,,,,,,
Number of Transmission Gears,TOTAL_NUM_TRANS_GEARS,,,,,,,,,,,,,,,,,,,,,,,TOTAL_NUM_TRANS_GEARS,,1,,,,,,,,,,,,
Number of Transmission Gears Category,Number of Transmission Gears Category,,,,,,,,,,,,,,,,,,,,,,,Number of Transmission Gears Category,,1,,,,,,,,,,,,
NV Ratio,NV_RATIO_BEST,,,,,,,,,,,,,,,,,VEH_NV_RATIO,,2,,,,NV_RATIO_BEST,,1,,,,,,,,,,,,
OEM,CAFE_MFR_NM,,,,,,,,,,,,,,,,,,,,,,,CAFE_MFR_NM,,1,,,,,,,,,,,,
Off-Board Charge Capability (y/n),OFF_BOARD_CHARGE_CAPABLE_YN,,,,,,,,,,,,,,,,,,,,,,,OFF_BOARD_CHARGE_CAPABLE_YN,,1,,,,,,,,,,,,
Oil Viscosity Classification,OIL_VISCOSITY_CLASSIFICATION,,,,,,,,,,,,,,,,,,,,,,,OIL_VISCOSITY_CLASSIFICATION,,1,,,,,,,,,,,,
Other EGR Type (if available),EGR_TYPE_IF_OTHER,,,,,,,,,,,,,,,,,,,,,,,EGR_TYPE_IF_OTHER,,1,,,,,,,,,,,,
Passenger Capacity,Passenger Capacity,,,,,TOTAL SEATING,,1,,,,,,,,,,,,,,,,,,,,,,,,,,,,,,
Passenger Carrying Volume,ROUNDED_PASSENGER_CARRYING_VOL,ft3,,,,,,,,,,,,,,,,,,,,,,ROUNDED_PASSENGER_CARRYING_VOL,ft3,1,,,,,,,,,,,,
Payload Capacity,Payload Capacity,lbf,,,,MAXIMUM PAYLOAD,lbf,1,,,,,,,,,,,,,,,,,,,,,,,,,,,,,,
PEV Check,OFF_BOARD_CHARGE_CAPABLE_YN,,,,,,,,,,,,,,,,,,,,,,,OFF_BOARD_CHARGE_CAPABLE_YN,,1,,,,,,,,,,,,
EPS,Electric Power Steering,,,,,ELECTRIC POWER STEERING,,1,,,,,,,Steering System (Synthesized),,2,,,,,,,,,,,,,,,,,,,,,
"Production Volume (FE, 50 States)",PRODUCTION_VOLUME_FE_50_STATE,,,,,,,,,,,,,,,,,,,,,,,Distributed Subconfig Volumes,,1,,,,,,,,,,,,
"Production Volume (GHG, 50 States)",PRODUCTION_VOLUME_GHG_50_STATE,,,,,,,,,,,,,,,,,,,,,,,Distributed Subconfig Volumes,,1,,,,,,,,,,,,
Rated Horsepower,ENG_RATED_HP,hp,,,,,,,,,,,,,,,,,,,,,,ENG_RATED_HP,hp,1,,,,,,,,,,,,
Rear Tire Code,REAR_BASE_TIRE_CODE,,,,,,,,,,,,,,,,,,,,,,,REAR_BASE_TIRE_CODE,,1,,,,,,,,,,,,
Rear Tire Radius,REAR_TIRE_RADIUS_IN,in,,,,,,,,,,,,,,,,,,,,,,REAR_TIRE_RADIUS_IN,in,1,,,,,,,,,,,,
Rear Track Width,REAR_TRACK_WIDTH_INCHES,in,,,,,,,,,,,,,,,,,,,,,,REAR_TRACK_WIDTH_INCHES,in,1,,,,,,,,,,,,
Rechargeable Energy Storage System (y/n),RECHARGE_ENERGY_STORAGE_SYS_YN,,,,,,,,,,,,,,,,,,,,,,,RECHARGE_ENERGY_STORAGE_SYS_YN,,1,,,,,,,,,,,,
Redesign Length,Redesign Length,,,,,,,,,,,,,,,,,,,,,,,,,,,,,Redesign Length,,1,,,,,,
Roadload Horsepower,TOT_ROAD_LOAD_HP,hp,,,,,,,,,,,,,,,,,,,,,,TOT_ROAD_LOAD_HP,hp,1,,,,,,,,,,,,
RRC,RRC,,,,,,,,,,,,,,,,,,,,,,,,,,RRC_AVG_TOT_ROAD_LOAD_HP,,1,,,,,,,,,
Set A Coefficient,TESTCAR_Set Coef A,lbf,,,,,,,,,,Set Coef A (lbf),lbf,1,,,,,,,,,,,,,,,,,,,,,,,,
Set B Coefficient,TESTCAR_Set Coef B,lbf/mph,,,,,,,,,,Set Coef B (lbf/mph),lbf/mph,1,,,,,,,,,,,,,,,,,,,,,,,,
Set C Coefficient,TESTCAR_Set Coef C,lbf/mph2,,,,,,,,,,Set Coef C (lbf/mph**2),lbf/mph2,1,,,,,,,,,,,,,,,,,,,,,,,,
Stop-Start System (y/n),STOP_START_ENG_MGT,,,,,,,,,,,,,,,,,,,,,,,STOP_START_ENG_MGT,,1,,,,,,,,,,,,
Stop-Start System Description,STOP_START_ENG_MGT_DESC,,,,,,,,,,,,,,,,,,,,,,,STOP_START_ENG_MGT_DESC,,1,,,,,,,,,,,,
SV Fuel Usage,,,,,,,,,,,,,,,,,,,,,fuel_type,,1,,,,,,,,,,fuel_type,,1,,,
SV Trim ID,,,,,,,,,,,,,,,,,,,,,trim_id,,1,,,,,,,,,,trim_id_m,,1,,,
Test Car A Coefficient,TESTCAR_Target Coef A,,,,,,,,,,,Target Coef A (lbf),lbf,1,,,,,,,,,,,,,,,,,,,,,,,,
Test Car B Coefficient,TESTCAR_Target Coef B,,,,,,,,,,,Target Coef B (lbf/mph),lbf/mph,1,,,,,,,,,,,,,,,,,,,,,,,,
Test Car C Coefficient,TESTCAR_Target Coef C,,,,,,,,,,,Target Coef C (lbf/mph**2),lbf/mph2,1,,,,,,,,,,,,,,,,,,,,,,,,
Test Car City Fuel Economy,TESTCAR_RND_ADJ_FTP,,,,,,,,,,,RND_ADJ_FTP,mpg,1,,,,,,,,,,,,,,,,,,,,,,,,
Test Car CO2,Test Car CO2,g/mi,,,,,,,,,,,,,,,,,,,,,,,,,,,,,,,,,,,,
Test Car Highway Fuel Economy,TESTCAR_RND_ADJ_HWFET,,,,,,,,,,,RND_ADJ_HWFET,mpg,1,,,,,,,,,,,,,,,,,,,,,,,,
Three Row Seating (y/n)?,THREE_ROWS_DES_SEATING_POS_YN,,,,,,,,,,,,,,,,,,,,,,,THREE_ROWS_DES_SEATING_POS_YN,,1,,,,,,,,,,,,
Tire Width,TIRE_WIDTH_INS,in,,,,,,,,,,,,,,,,,,,,,,TIRE_WIDTH_INS,in,1,,,,,,,,,,,,
Tire Size,Tire Size,,,,,TIRES,,1,,,,,,,,,,,,,,,,,,,,,,,,,,,,,,
Tire Type,Tire Type,,,,,TIRE TYPES,,1,,,,,,,,,,,,,,,,,,,,,,,,,,,,,,
TLAAS (y/n),TLAAS_YN,,,,,,,,,,,,,,,,,,,,,,,TLAAS_YN,,1,,,,,,,,,,,,
Torque,Torque,,,,,TORQUE,,1,,,,,,,,,,,,,,,,,,,,,,,,,,,,,,
Total Number of Valves per Cylinder,TOTAL_VLV_PER_CYL,,Valves per Cyl.,,2,,,,,,,,,,,,,,,,,,,TOTAL_VLV_PER_CYL,,1,,,,,,,,,,,,
OEM Towing Capacity,OEM Towing Capacity,lbf,,,,,,,,,,,,,,,,,,,,,,,,,,,,,,,,,,Max Loaded Trailer Weight,lbf,1
Towing Capacity,Towing Capacity,lbf,,,,MAXIMUM TOWING CAPACITY,lbf,1,,,,,,,,,,,,,,,,,,,,,,,,,,,,,,
Transmission,TRANS_IN_FE_GUIDE,,Transmission,,2,,,,,,,,,,,,,,,,,,,TRANS_IN_FE_GUIDE,,1,,,,,,,,,,,,
Transmission Creeper Gear (y/n),TRANS_CREEPER_GEAR_YN,,,,,,,,,,,,,,,,,,,,,,,TRANS_CREEPER_GEAR_YN,,1,,,,,,,,,,,,
Transmission Lockup (y/n),TRANS_LOCKUP_YN,,,,,,,,,,,,,,,,,,,,,,,TRANS_LOCKUP_YN,,1,,,,,,,,,,,,
Transmission Type,TRANS_TYPE,,,,,,,,,,,,,,,,,,,,,,,TRANS_TYPE,,1,,,,,,,,,,,,
Transmission Type (if Other),TRANS_TYPE_IF_OTHER,,,,,,,,,,,,,,,,,,,,,,,TRANS_TYPE_IF_OTHER,,1,,,,,,,,,,,,
Transmission Type Category,Transmission Type Category,,,,,,,,,,,,,,,,,,,,,,,Transmission Type Category,,1,,,,,,,,,,,,
Transmission Type Description,TRANS_TYPE_DESC,,,,,,,,,,,,,,,,,,,,,,,TRANS_TYPE_DESC,,1,,,,,,,,,,,,
Turning Circle,Turning Circle,ft,,,,TURNING CIRCLE,ft,1,,,,,,,,,,,,,,,,,,,,,,,,,,,,,,
Unadjusted City Fuel Economy,Unadjusted City Fuel Economy,mpg,,,,,,,,,,,,,,,,SUBCONFIG_CITY_FE_4,mpg,1,,,,,,,,,,,,,,,,,,
Unadjusted Highway Fuel Economy,Unadjusted Highway Fuel Economy,mpg,,,,,,,,,,,,,,,,SUBCONFIG_HWY_FE_4,mpg,1,,,,,,,,,,,,,,,,,,
Use of Baseline Fuel (y/n),EPA_CAFE_MT_BASELINE_FUEL_YN,,,,,,,,,,,,,,,,,,,,,,,EPA_CAFE_MT_BASELINE_FUEL_YN,,1,,,,,,,,,,,,
Valve Actuation,Valve Actuation,,Valve Actuation,,1,CAM TYPE SHORT NAME,,2,,,,,,,,,,,,,,,,,,,,,,,,,,,,,,
Variable Valve Lift (y/n),VAR_VLV_TIMING,,,,,,,,,,,,,,,,,,,,,,,VAR_VLV_TIMING,,1,,,,,,,,,,,,
Variable Valve Lift Description,VAR_VLV_TIMING_DESC,,,,,,,,,,,,,,,,,,,,,,,VAR_VLV_TIMING_DESC,,1,,,,,,,,,,,,
Variable Valve Timing (y/n),VAR_VLV_LIFT,,,,,,,,,,,,,,,,,,,,,,,VAR_VLV_LIFT,,1,,,,,,,,,,,,
Variable Valve Timing Description,VAR_VLV_LIFT_DESC,,,,,,,,,,,,,,,,,,,,,,,VAR_VLV_LIFT_DESC,,1,,,,,,,,,,,,
Vehicle GHG ID,Vehghg_ID,,,,,,,,,,,,,,,,,,,,,,,Vehghg_ID,,1,,,,,,,,,,,,
Vehicle Type,COMPLIANCE_CATEGORY_CD,,,,,,,,,,,,,,,,,,,,,,,COMPLIANCE_CATEGORY_CD,,1,,,,,,,,,,,,
Wards Projected BodyID End Year,Wards Projected BodyID EndYear,,,,,,,,,,,,,,,,,,,,,,,Wards Projected BodyID EndYear,,1,,,,,,,,,,,,
Wards Projected BodyID Start Year,Wards Projected BodyID StartYear,,,,,,,,,,,,,,,,,,,,,,,Wards Projected BodyID StartYear,,1,,,,,,,,,,,,
Wards Projected CabinID End Year,Wards Projected CabinID EndYear,,,,,,,,,,,,,,,,,,,,,,,Wards Projected CabinID EndYear,,1,,,,,,,,,,,,
Wards Projected CabinID Start Year,Wards Projected CabinID StartYear,,,,,,,,,,,,,,,,,,,,,,,Wards Projected CabinID StartYear,,1,,,,,,,,,,,,
Wards Projected Last Observed BodyID Year,Wards Projected Last Observed BodyID Year,,,,,,,,,,,,,,,,,,,,,,,Wards Projected Last Observed Year_BodyID,,1,,,,,,,,,,,,
Wards Projected Last Observed CabinID Year,Wards Projected Last Observed CabinID Year,,,,,,,,,,,,,,,,,,,,,,,Wards Projected Last Observed Year_CabinID,,1,,,,,,,,,,,,
Wards Projection (y/n),WARDS_PROJECTION_YN,,,,,,,,,,,,,,,,,,,,,,,WARDS_PROJECTION_YN,,1,,,,,,,,,,,,
Warranty Basic,Warranty Basic,,,,,BASIC,,1,,,,,,,,,,,,,,,,,,,,,,,,,,,,,,
Warranty Drivetrain,Warranty Drivetrain,,,,,DRIVETRAIN,,1,,,,,,,,,,,,,,,,,,,,,,,,,,,,,,
Warranty Rust,Warranty Rust,,,,,RUST,,1,,,,,,,,,,,,,,,,,,,,,,,,,,,,,,
Warranty Roadside,Warranty Roadside,,,,,ROADSIDE,,1,,,,,,,,,,,,,,,,,,,,,,,,,,,,,,
Warranty Hybrid Component,Warranty Hybrid Component,,,,,HYBRID COMPONENT,,1,,,,,,,,,,,,,,,,,,,,,,,,,,,,,,
Warranty EV Battery,Warranty EV Battery,,,,,EV BATTERY,,1,,,,,,,,,,,,,,,,,,,,,,,,,,,,,,
Wheelbase,Wheelbase,in,Wheel Base (ins.),,3,WHEEL BASE,in,1,,,,,,,,,,,,,,,,WHEEL_BASE_INCHES,in,2,,,,,,,,,,,,
Wheels,Wheels,,,,,WHEELS,,1,,,,,,,,,,,,,,,,,,,,,,,,,,,,WHEELS,,2
Width,Width,in,Overall Width (ins.),in,2,WIDTH,in,1,,,,,,,,,,,,,,,,,,,,,,,,,,,,,,
Gross Combined Weight Rating,Gross Combined Weight Rating,lbf,,,,,,,,,,,,,,,,,,,,,,,,,,,,,,,,,,GCWR,lbf,1
DUAL FRONT SIDE-MOUNTED AIRBAGS,DUAL FRONT SIDE-MOUNTED AIRBAGS,,,,,DUAL FRONT SIDE-MOUNTED AIRBAGS,,1,,,,,,,,,,,,,,,,,,,,,,,,,,,,,,
DUAL FRONT WITH HEAD PROTECTION CHAMBERS SIDE-MOUNTED AIRBAGS,DUAL FRONT WITH HEAD PROTECTION CHAMBERS SIDE-MOUNTED AIRBAGS,,,,,DUAL FRONT WITH HEAD PROTECTION CHAMBERS SIDE-MOUNTED AIRBAGS,,1,,,,,,,,,,,,,,,,,,,,,,,,,,,,,,
DUAL FRONT AND DUAL REAR SIDE-MOUNTED AIRBAGS,DUAL FRONT AND DUAL REAR SIDE-MOUNTED AIRBAGS,,,,,DUAL FRONT AND DUAL REAR SIDE-MOUNTED AIRBAGS,,1,,,,,,,,,,,,,,,,,,,,,,,,,,,,,,
DUAL FRONT AND DUAL REAR WITH HEAD PROTECTION CHAMBERS SIDE-MOUNTED AIRBAGS,DUAL FRONT AND DUAL REAR WITH HEAD PROTECTION CHAMBERS SIDE-MOUNTED AIRBAGS,,,,,DUAL FRONT AND DUAL REAR WITH HEAD PROTECTION CHAMBERS SIDE-MOUNTED AIRBAGS,,1,,,,,,,,,,,,,,,,,,,,,,,,,,,,,,
DRIVER ONLY WITH HEAD PROTECTION CHAMBER SIDE-MOUNTED AIRBAGS,DRIVER ONLY WITH HEAD PROTECTION CHAMBER SIDE-MOUNTED AIRBAGS,,,,,DRIVER ONLY WITH HEAD PROTECTION CHAMBER SIDE-MOUNTED AIRBAGS,,1,,,,,,,,,,,,,,,,,,,,,,,,,,,,,,
"FRONT, REAR AND THIRD ROW HEAD AIRBAGS","FRONT, REAR AND THIRD ROW HEAD AIRBAGS",,,,,"FRONT, REAR AND THIRD ROW HEAD AIRBAGS",,1,,,,,,,,,,,,,,,,,,,,,,,,,,,,,,
FRONT AND REAR HEAD AIRBAGS,FRONT AND REAR HEAD AIRBAGS,,,,,FRONT AND REAR HEAD AIRBAGS,,1,,,,,,,,,,,,,,,,,,,,,,,,,,,,,,
FRONT HEAD AIRBAGS,FRONT HEAD AIRBAGS,,,,,FRONT HEAD AIRBAGS,,1,,,,,,,,,,,,,,,,,,,,,,,,,,,,,,
STABILITY CONTROL,STABILITY CONTROL,,,,,STABILITY CONTROL,,1,,,,,,,,,,,,,,,,,,,,,,,,,,,,,,
TRACTION CONTROL,TRACTION CONTROL,,,,,TRACTION CONTROL,,1,,,,,,,,,,,,,,,,,,,,,,,,,,,,,,
TIRE PRESSURE MONITORING,TIRE PRESSURE MONITORING,,,,,TIRE PRESSURE MONITORING,,1,,,,,,,,,,,,,,,,,,,,,,,,,,,,,,
